pod_date,driver_code,driver_name,tier1,tier2,tier3,tier4,stat,stem,stem_reason,bonus,total_route,total_profit
2026-06-01,DUB006,Nayibi Perez,0,43,7,0,0,20,Diablo,20,145,25
2026-06-01,DUB010,Leonardo Vicentini,4,58,2,0,0,0,,0,160,32
2026-06-01,DUB016,Vinicius Brunholi,0,55,12,0,0,40,Benicia,0,167.5,73.5
2026-06-01,DUB061,Robert Arteaga,2,57,24,0,0,40,Disco Bay,40,247.5,41.5
2026-06-01,DUB067,Jaime Andres,0,49,10,0,0,0,,0,147.5,29.5
2026-06-01,DUB083,Angel Orlando,1,43,11,0,1,20,Richmond Crocket,40,182.5,12.5
2026-06-02,DUB006,Nayibi Perez,0,39,4,0,0,20,Diablo,20,127.5,21.5
2026-06-02,DUB010,Leonardo Vicentini,0,63,4,0,0,0,,0,167.5,33.5
2026-06-02,DUB014,Adolfo Mora,0,52,11,5,0,20,Diablo,0,166.25,52.75
2026-06-02,DUB016,Vinicius Brunholi,0,39,2,1,1,40,Benicia,0,109.25,65.75
2026-06-02,DUB018,William Joseph,0,35,2,3,1,0,,0,102.75,24.25
2026-06-02,DUB020,Gabriela Cifuentes,2,59,5,0,0,0,,0,165,33
2026-06-02,DUB061,Robert Arteaga,0,64,13,0,0,40,Disco Bay,40,232.5,38.5
2026-06-02,DUB067,Jaime Andres,1,38,3,0,0,0,,0,105,21
2026-06-02,DUB083,Angel Orlando,0,47,7,0,0,20,Richmond Crocket,20,155,27
2026-06-02,DUB1,Diana Arvelo,0,40,3,0,0,10,Livermore,0,107.5,31.5
2026-06-03,DUB006,Nayibi Perez,2,36,2,1,1,20,Diablo,20,126.75,25.25
2026-06-03,DUB010,Leonardo Vicentini,1,77,3,1,1,0,,0,209.25,45.75
2026-06-03,DUB014,Adolfo Mora,0,46,7,4,0,20,Alamo,0,139.5,47.5
2026-06-03,DUB016,Vinicius Brunholi,0,56,3,6,4,40,Benicia,25,203,66
2026-06-03,DUB020,Gabriela Cifuentes,1,58,1,1,1,0,,0,156.75,35.25
2026-06-03,DUB061,Robert Arteaga,3,50,6,2,0,40,Disco Bay,40,191,30
2026-06-03,DUB066,Marvin Geovanni,0,20,4,2,0,20,Pittsburg Martinez,40,103.5,-7.5
2026-06-03,DUB067,Jaime Andres,3,45,3,1,1,0,,0,134.25,30.75
2026-06-03,DUB073,Stalin Flores,1,31,4,1,0,20,Crocket,20,111.75,18.25
2026-06-03,DUB084,Sofiane M,0,31,3,4,1,40,Orinda,40,137,23
2026-06-04,DUB006,Nayibi Perez,1,40,7,1,0,20,Diablo,20,141.75,24.25
2026-06-04,DUB010,Leonardo Vicentini,0,75,6,1,0,0,,0,204.25,40.75
2026-06-04,DUB016,Vinicius Brunholi,0,49,8,0,0,0,,0,142.5,28.5
2026-06-04,DUB020,Gabriela Cifuentes,1,62,1,1,0,0,,0,161.75,32.25
2026-06-04,DUB061,Robert Arteaga,12,65,5,1,1,40,Disco Bay,40,251.75,46.25
2026-06-04,DUB066,Marvin Geovanni,19,34,4,0,0,20,Pittrsburg Martinez,20,162.5,28.5
2026-06-04,DUB067,Jaime Andres,2,59,1,0,0,0,,0,155,31
2026-06-04,DUB073,Stalin Flores,1,50,3,0,2,20,Richmond Crocket,20,165,37
2026-06-04,DUB079,Vivy Hollanda,0,45,2,0,0,0,,25,142.5,-1.5
2026-06-04,DUB084,Sofiane M,11,49,3,1,0,40,Benicia,40,199.25,31.75
2026-06-04,DUB1,Diana Arvelo,3,69,5,0,3,0,,25,232.5,28.5
2026-06-05,DUB010,Leonardo Vicentini,1,73,1,1,0,0,,0,189.25,37.75
2026-06-05,DUB016,Vinicius Brunholi,1,58,5,3,0,40,Benicia,40,205.25,32.75
2026-06-05,DUB020,Gabriela Cifuentes,0,54,3,1,0,0,,0,144.25,28.75
2026-06-05,DUB061,Robert Arteaga,1,67,7,1,0,40,Disco Bay,40,229.25,37.75
2026-06-05,DUB066,Marvin Geovanni,0,53,2,1,0,20,Pittsburg Martinez,20,159.25,27.75
2026-06-05,DUB067,Jaime Andres,3,64,2,0,0,0,,0,172.5,34.5
2026-06-05,DUB073,Stalin Flores,0,38,2,1,0,0,,0,101.75,20.25
2026-06-05,DUB082,Raman Jamba,0,40,4,2,0,40,Orinda,40,153.5,22.5
2026-06-05,DUB084,Sofiane M,3,62,2,0,0,25,Richmond Crocket,25,192.5,33.5
2026-06-05,DUB1,Diana Arvelo,1,69,9,0,0,10,Sunol,25,222.5,24.5
2026-06-08,DUB006,Nayibi Perez,1,24,3,2,0,20,Diablo,20,93.5,14.5
2026-06-08,DUB010,Leonardo Vicentini,1,36,5,0,0,0,,0,105,21
2026-06-08,DUB016,Vinicius Brunholi,0,19,9,1,0,40,Benicia,40,111.75,14.25
2026-06-08,DUB061,Robert Arteaga,2,35,20,2,0,40,Disco Bay,40,186,29
2026-06-08,DUB085,Norwin Saloman,0,26,4,0,0,0,,25,100,-10
2026-06-08,DUB1,Diana Arvelo,1,30,10,0,0,10,Livermore,0,102.5,30.5
2026-06-09,DUB006,Nayibi Perez,0,34,9,1,0,15,Diablo,20,129.25,16.75
2026-06-09,DUB010,Leonardo Vicentini,0,59,11,1,0,0,,0,176.75,35.25
2026-06-09,DUB014,Adolfo Mora,0,26,9,1,0,20,Dublin Hills,30,119.25,7.75
2026-06-09,DUB020,Gabriela Cifuentes,0,47,5,0,1,0,,0,135,31
2026-06-09,DUB061,Robert Arteaga,0,46,21,2,0,40,Disco Bay,40,211,34
2026-06-09,DUB085,Norwin Saloman,3,45,5,1,0,0,,0,134.25,26.75
2026-06-09,DUB086,Jianen Zheng,0,33,4,3,0,40,Benicia,40,137.75,19.25
2026-06-09,DUB1,Diana Arvelo,1,52,8,0,2,10,Sunol,0,162.5,50.5
2026-06-10,DUB006,Nayibi Perez,2,46,2,1,0,20,Diablo,20,146.75,25.25
2026-06-10,DUB010,Leonardo Vicentini,2,70,4,0,1,0,,0,195,43
2026-06-10,DUB014,Adolfo Mora,0,31,1,0,1,15,Diablo,25,110,11
2026-06-10,DUB020,Gabriela Cifuentes,1,53,0,0,3,0,,0,150,42
2026-06-10,DUB061,Robert Arteaga,1,41,6,3,1,40,Disco Bay,40,170.25,29.75
2026-06-10,DUB066,Marvin Geovanni,1,39,4,0,1,20,Pittsburg,20,135,27
2026-06-10,DUB085,Norwin Saloman,0,44,3,1,0,0,,0,119.25,23.75
2026-06-10,DUB1,Diana Arvelo,0,37,5,3,2,10,Livermore,25,145.25,16.75
2026-06-11,DUB006,Nayibi Perez,1,26,4,1,1,20,Orinda,20,104.25,20.75
2026-06-11,DUB010,Leonardo Vicentini,1,75,3,0,2,0,,0,207.5,49.5
2026-06-11,DUB014,Adolfo Mora,2,47,5,2,0,20,Diablo,0,138.5,47.5
2026-06-11,DUB061,Robert Arteaga,22,58,11,0,1,40,Disco Bay,40,272.5,50.5
2026-06-11,DUB066,Marvin Geovanni,3,53,9,1,0,40,Pitsburg,20,184.25,52.75
2026-06-11,DUB067,Jaime Andres,0,66,1,1,2,0,,0,179.25,43.75
2026-06-11,DUB079,Vivy Hollanda,0,33,1,2,0,40,Orinda,40,128.5,17.5
2026-06-11,DUB085,Norwin Saloman,0,64,4,0,0,40,Benicia,30,200,44
2026-06-11,DUB1,Diana Arvelo,0,56,6,4,2,10,Sunol,25,197,27
2026-06-12,DUB006,Nayibi Perez,0,47,5,3,1,20,Diablo,20,160.25,31.75
2026-06-12,DUB010,Leonardo Vicentini,0,62,1,0,0,0,,0,157.5,31.5
2026-06-12,DUB014,Adolfo Mora,1,35,3,2,0,20,Alamo,25,126,15
2026-06-12,DUB018,William Joseph,0,55,0,0,1,0,,0,142.5,32.5
2026-06-12,DUB061,Robert Arteaga,0,53,15,0,0,40,Disco Bay,40,210,34
2026-06-12,DUB079,Vivy Hollanda,0,57,8,5,1,40,Benicia,80,256.25,-1.25
2026-06-12,DUB085,Norwin Saloman,0,58,2,0,1,40,Orinda,25,180,50
2026-06-12,DUB1,Diana Arvelo,1,35,3,1,0,10,Livermore,25,124.25,4.75
2026-06-15,DUB006,Nayibi Perez,1,37,6,1,0,15,Diablo,0,111.75,37.25
2026-06-15,DUB010,Leonardo Vicentini,2,54,8,0,0,0,,0,160,32
2026-06-15,DUB061,Robert Arteaga,0,29,21,2,0,40,Disco Bay,40,168.5,25.5
2026-06-15,DUB067,Jaime Andres,0,31,7,1,0,40,Benicia,40,136.75,19.25
2026-06-15,DUB085,Norwin Saloman,0,37,4,3,1,0,,0,112.75,26.25
2026-06-15,DUB1,Diana Arvelo,0,58,7,0,0,10,Livermore,50,212.5,-7.5
2026-06-16,DUB006,Nayibi Perez,1,32,1,1,0,20,Diablo,20,106.75,17.25
2026-06-16,DUB010,Leonardo Vicentini,1,83,5,0,0,0,,0,222.5,44.5
2026-06-16,DUB014,Adolfo Mora,0,45,6,1,0,15,Alamo,0,129.25,40.75
2026-06-16,DUB061,Robert Arteaga,0,50,22,3,0,40,Disco Bay,40,225.25,36.75
2026-06-16,DUB067,Jaime Andres,0,46,8,2,0,40,Benicia,40,178.5,27.5
2026-06-16,DUB085,Norwin Saloman,0,62,0,1,1,0,,0,161.75,36.25
2026-06-16,DUB087,Manuel Ramirez,0,30,4,1,0,40,Orinda,40,126.75,17.25
2026-06-16,DUB088,Naira Rivera,0,29,0,0,0,20,Pittsburg,30,102.5,4.5
2026-06-16,DUB1,Diana Arvelo,1,45,11,1,2,0,,25,179.25,13.75
2026-06-17,DUB006,Nayibi Perez,1,42,12,2,1,20,Diablo,0,146,53
2026-06-17,DUB010,Leonardo Vicentini,0,56,0,0,1,0,,0,145,33
2026-06-17,DUB012,Bruna Elias,0,43,8,3,1,40,Benicia,40,177.75,31.25
2026-06-17,DUB014,Adolfo Mora,0,63,3,2,0,20,Alamo,0,168.5,53.5
2026-06-17,DUB061,Robert Arteaga,0,65,9,1,0,40,Disco Bay,40,226.75,37.25
2026-06-17,DUB066,Marvin Geovanni,1,66,6,1,1,20,Pittsburg,20,209.25,41.75
2026-06-17,DUB067,Jaime Andres,0,79,2,0,1,40,Benicia,40,247.5,45.5
2026-06-17,DUB085,Norwin Saloman,2,54,1,1,0,0,,0,144.25,28.75
2026-06-17,DUB088,Naira Rivera,1,36,3,2,0,20,Pittsburg,36.5,140,4
2026-06-17,DUB089,Karandeep Kaur,2,43,0,0,0,0,,0,112.5,22.5
2026-06-17,DUB1,Diana Arvelo,0,63,1,1,3,10,Sunol,25,201.75,32.25
2026-06-17,DUB27,Barbara Fitzpatrick,0,1,0,0,1,0,,0,7.5,5.5
2026-06-18,DUB006,Nayibi Perez,0,34,4,0,1,20,Diablo,0,100,44
2026-06-18,DUB010,Leonardo Vicentini,1,60,1,2,0,0,,0,158.5,31.5
2026-06-18,DUB014,Adolfo Mora,3,51,6,3,0,15,Alamo,0,155.25,45.75
2026-06-18,DUB020,Gabriela Cifuentes,0,59,0,0,0,0,,0,147.5,29.5
2026-06-18,DUB061,Robert Arteaga,15,50,7,0,1,40,Disco Bay,40,225,41
2026-06-18,DUB066,Marvin Geovanni,0,20,1,0,0,10,Livermore,55,107.5,-34.5
2026-06-18,DUB067,Jaime Andres,2,61,8,1,0,40,Benicia,40,219.25,35.75
2026-06-18,DUB079,Vivy Hollanda,2,30,6,3,0,40,Orinda,40,140.25,19.75
2026-06-18,DUB085,Norwin Saloman,1,48,4,1,1,0,,0,139.25,31.75
2026-06-18,DUB088,Naira Rivera,21,20,4,0,0,20,Pittsburg,20,132.5,22.5
2026-06-18,DUB089,Karandeep Kaur,1,32,1,0,1,0,,10,100,12
2026-06-18,DUB090,Marcus Dub,0,31,2,0,1,0,,12.5,100,9
2026-06-18,DUB091,Thiago Dub,0,15,0,0,0,0,,12.5,50,-5
2026-06-18,DUB1,Diana Arvelo,1,29,0,1,0,10,Sunol,25,101.75,0.25
2026-06-18,DUB27,Barbara Fitzpatrick,0,2,0,0,0,0,,0,5,1
2026-06-19,DUB006,Nayibi Perez,0,38,3,0,0,20,Diablo,0,102.5,40.5
2026-06-19,DUB010,Leonardo Vicentini,3,47,4,2,0,0,,0,138.5,27.5
2026-06-19,DUB014,Adolfo Mora,1,30,2,5,0,20,Alamo,35,126.25,2.75
2026-06-19,DUB020,Gabriela Cifuentes,0,40,1,0,0,0,,0,102.5,20.5
2026-06-19,DUB061,Robert Arteaga,0,38,14,1,0,0,,40,171.75,-13.75
2026-06-19,DUB067,Jaime Andres,0,53,5,5,1,40,Benicia,40,198.75,35.25
2026-06-19,DUB085,Norwin Saloman,1,50,0,2,0,0,,0,131,26
2026-06-19,DUB088,Naira Rivera,3,8,1,0,0,0,,0,30,6
2026-06-19,DUB090,Marcus Dub,1,67,6,1,0,10,Livermore,13.25,200,34
2026-07-01,DUB003,Wilbert Duran,0,35,1,22,0,0,,0,128.5,23.5
2026-07-02,DUB003,Wilbert Duran,7,32,0,13,0,0,,0,120.25,22.75
2026-07-06,DUB003,Wilbert Duran,0,0,1,41,0,25,Pittsburg,0,74.25,35.75
2026-07-07,DUB003,Wilbert Duran,0,19,9,16,0,25,Pittsburg,0,98,43
2026-07-09,DUB003,Wilbert Duran,0,23,2,15,0,0,,0,88.75,16.25
2026-06-22,DUB006,Nayibi Perez,0,24,3,7,0,30,DIABLO,30,109.75,15.25
2026-06-23,DUB006,Nayibi Perez,0,27,7,3,0,20,DIABLO,20,110.25,17.75
2026-06-25,DUB006,Nayibi Perez,0,46,5,9,1,0,,0,148.25,32.75
2026-06-26,DUB006,Nayibi Perez,0,16,1,8,0,20,Livermore,43.5,100,-13
2026-06-29,DUB006,Nayibi Perez,1,13,5,33,0,0,,0,105.25,17.75
2026-06-30,DUB006,Nayibi Perez,0,35,3,26,0,0,,0,140.5,25.5
2026-07-01,DUB006,Nayibi Perez,0,51,3,9,0,0,,0,150.75,29.25
2026-07-02,DUB006,Nayibi Perez,1,43,2,9,1,0,,0,135.75,30.25
2026-07-03,DUB006,Nayibi Perez,0,11,0,12,0,0,,51.5,100,-43
2026-07-06,DUB006,Nayibi Perez,0,4,1,63,0,15,Alameda,0,122.75,33.25
2026-07-07,DUB006,Nayibi Perez,0,25,4,19,0,15,Alameda,0,105.75,34.25
2026-07-08,DUB006,Nayibi Perez,0,8,0,15,0,15,Alameda,0,46.25,22.75
2026-07-09,DUB006,Nayibi Perez,0,15,2,2,0,15,Alameda,0,46,24
2026-07-10,DUB006,Nayibi Perez,0,29,1,23,0,15,Alameda,0,115.25,35.75
2026-06-22,DUB010,Leonardo Vicentini,2,26,7,7,0,0,,0.25,100,19
2026-06-23,DUB010,Leonardo Vicentini,2,62,3,11,0,0,,0,186.75,36.25
2026-06-24,DUB010,Leonardo Vicentini,1,58,6,8,0,0,,0,176.5,34.5
2026-06-25,DUB010,Leonardo Vicentini,0,51,0,15,0,0,,0,153.75,29.25
2026-06-26,DUB010,Leonardo Vicentini,0,54,0,22,1,0,,0,178.5,37.5
2026-06-29,DUB010,Leonardo Vicentini,0,36,7,53,0,0,,0,200.25,34.75
2026-06-30,DUB010,Leonardo Vicentini,0,55,3,45,0,0,,0,223.75,40.25
2026-07-01,DUB010,Leonardo Vicentini,0,66,1,26,1,0,,0,218,45
2026-07-02,DUB010,Leonardo Vicentini,0,65,3,17,0,0,,0,199.75,38.25
2026-07-03,DUB010,Leonardo Vicentini,1,54,2,41,0,0,,0,214.25,38.75
2026-07-06,DUB010,Leonardo Vicentini,0,13,2,87,0,0,,0,189.75,29.25
2026-07-07,DUB010,Leonardo Vicentini,0,58,3,39,0,0,,0,220.75,40.25
2026-07-08,DUB010,Leonardo Vicentini,1,54,2,37,0,0,,0,207.25,37.75
2026-07-09,DUB010,Leonardo Vicentini,0,52,3,20,0,0,,0,172.5,32.5
2026-07-10,DUB010,Leonardo Vicentini,0,35,3,30,1,0,,0,152.5,31.5
2026-07-08,DUB012,Bruna Elias,0,40,4,30,0,40,Antioch,0,162.5,69.5
2026-07-09,DUB012,Bruna Elias,5,40,12,38,1,0,,0,214,43
2026-06-23,DUB014,Adolfo Mora,2,42,12,10,0,40,Orinda,0,157.5,70.5
2026-06-24,DUB014,Adolfo Mora,1,39,10,10,0,20,Diablo,0,142.5,47.5
2026-06-23,DUB020,Gabriela Cifuentes,0,46,3,4,1,0,,0,134.5,30.5
2026-06-24,DUB020,Gabriela Cifuentes,0,48,4,8,2,0,,0,154,38
2026-06-25,DUB020,Gabriela Cifuentes,0,81,3,11,1,0,,0,234.25,49.75
2026-06-26,DUB020,Gabriela Cifuentes,0,45,1,16,1,0,,0,148,32
2026-07-02,DUB020,Gabriela Cifuentes,0,56,0,6,1,0,,0,155.5,34.5
2026-07-07,DUB020,Gabriela Cifuentes,1,58,7,29,1,0,,0,220.75,45.25
2026-07-08,DUB020,Gabriela Cifuentes,1,51,5,22,2,0,,0,191,44
2026-07-09,DUB020,Gabriela Cifuentes,0,50,1,9,1,0,,0,148.25,32.75
2026-07-10,DUB020,Gabriela Cifuentes,1,45,2,27,1,0,,0,172.25,35.75
2026-06-22,DUB061,Robert Arteaga,0,10,9,4,0,40,DISCO BAY,45.5,100,5
2026-06-23,DUB061,Robert Arteaga,1,57,16,14,1,40,Disco Bay,40,254.5,45.5
2026-06-24,DUB061,Robert Arteaga,0,43,16,15,0,40,Disco Bay,40,213.75,33.25
2026-06-25,DUB061,Robert Arteaga,14,43,9,26,1,40,Disco Bay,40,255.5,44.5
2026-06-26,DUB061,Robert Arteaga,2,44,9,35,0,40,Disco Bay,40,238.75,36.25
2026-06-29,DUB061,Robert Arteaga,1,23,28,53,0,0,,40,262.75,-0.75
2026-06-30,DUB061,Robert Arteaga,1,34,20,42,0,0,,40,251,-2
2026-07-01,DUB061,Robert Arteaga,0,48,9,27,0,0,,40,229.75,-4.75
2026-07-02,DUB061,Robert Arteaga,3,52,11,36,1,0,,40,273,7
2026-07-03,DUB061,Robert Arteaga,0,46,11,40,0,0,,40,252.5,-1.5
2026-07-06,DUB061,Robert Arteaga,0,7,7,89,0,50,Disco Bay,0,190.75,79.25
2026-07-07,DUB061,Robert Arteaga,0,41,21,42,1,50,Disco Bay,0,233.5,96.5
2026-07-08,DUB061,Robert Arteaga,2,34,18,45,0,50,Disco Bay,0,213.75,88.25
2026-07-09,DUB061,Robert Arteaga,3,26,1,17,0,50,Disco Bay,0,104.75,69.25
2026-07-10,DUB061,Robert Arteaga,1,53,13,51,0,50,Disco Bay,0,256.75,96.25
2026-06-24,DUB066,Marvin Geovanni,1,13,12,12,0,30,Pittsburg,20,106,26
2026-06-25,DUB066,Marvin Geovanni,14,33,3,5,0,20,Pittsburg,20,153.75,26.25
2026-06-26,DUB066,Marvin Geovanni,0,20,2,6,0,25,Pittsburg,40,105.5,-2.5
2026-07-01,DUB066,Marvin Geovanni,0,20,0,45,0,0,,25,153.75,-3.75
2026-07-02,DUB066,Marvin Geovanni,8,33,2,17,0,0,,25,162.25,0.75
2026-07-08,DUB066,Marvin Geovanni,0,25,10,21,0,25,Martinez,0,124.25,47.75
2026-07-09,DUB066,Marvin Geovanni,0,26,1,3,0,0,,0,72.75,14.25
2026-07-10,DUB066,Marvin Geovanni,4,32,7,26,0,35,Pittsburg,0,153,63
2026-06-23,DUB067,Jaime Andres,0,44,6,8,0,40,benicia,61,200,6
2026-06-24,DUB067,Jaime Andres,0,30,3,12,1,40,Benicia,90,198.5,-25.5
2026-06-25,DUB067,Jaime Andres,0,35,3,15,0,40,Benicia,71.75,193,-9
2026-06-26,DUB067,Jaime Andres,0,40,3,32,1,40,Benicia,40,208.5,34.5
2026-06-29,DUB067,Jaime Andres,0,18,7,33,0,0,,40,160.25,-19.25
2026-06-30,DUB067,Jaime Andres,0,36,9,45,1,0,,40,236.25,-1.25
2026-07-01,DUB067,Jaime Andres,0,43,3,27,0,0,,40,202.25,-10.25
2026-07-02,DUB067,Jaime Andres,0,56,2,28,0,0,,40,234,-4
2026-07-03,DUB067,Jaime Andres,0,42,4,22,0,0,,40,193.5,-11.5
2026-07-06,DUB067,Jaime Andres,0,1,3,47,0,50,Benicia,0,92.25,63.75
2026-07-08,DUB067,Jaime Andres,0,27,2,27,1,50,Benicia,0,124.75,76.25
2026-07-09,DUB067,Jaime Andres,0,40,4,21,0,50,Benicia,0,146.75,77.25
2026-07-10,DUB067,Jaime Andres,2,39,4,35,0,50,Benicia,0,173.75,81.25
2026-07-02,DUB079,Vivy Hollanda,0,23,4,24,0,0,,40,149.5,-20.5
2026-07-09,DUB079,Vivy Hollanda,0,44,4,6,1,15,Castro Valley,0,135.5,45.5
2026-06-24,DUB082,Raman Jamba,0,17,7,3,0,40,Orinda,0,65.25,52.75
2026-06-22,DUB085,Norwin Saloman,0,10,3,4,0,40,Orinda,60.5,100,-13
2026-06-23,DUB085,Norwin Saloman,0,53,3,9,0,0,,0,155.75,30.25
2026-06-24,DUB085,Norwin Saloman,1,39,5,14,1,0,,0,142,31
2026-06-25,DUB085,Norwin Saloman,2,48,0,10,0,0,,0,142.5,27.5
2026-06-26,DUB085,Norwin Saloman,1,54,2,15,1,0,,0,173.75,37.25
2026-06-29,DUB085,Norwin Saloman,0,12,1,21,0,0,,30.75,100,-19
2026-06-30,DUB085,Norwin Saloman,0,23,3,25,0,0,,0,108.75,19.25
2026-07-01,DUB085,Norwin Saloman,0,17,5,24,0,0,,35,132,-18
2026-07-02,DUB085,Norwin Saloman,0,22,0,7,0,0,,35,102.25,-22.25
2026-07-03,DUB085,Norwin Saloman,0,23,5,18,0,0,,35,136.5,-16.5
2026-07-06,DUB085,Norwin Saloman,0,9,1,35,0,50,Orinda,0,86.25,63.75
2026-07-07,DUB085,Norwin Saloman,2,32,13,14,0,50,Orinda,0,142,77
2026-06-29,DUB088,Naira Rivera,0,20,4,34,0,0,,25,144.5,-4.5
2026-06-30,DUB088,Naira Rivera,0,25,10,19,0,0,,25,145.75,-2.75
2026-07-01,DUB088,Naira Rivera,0,25,5,24,0,0,,25,142,-4
2026-07-02,DUB088,Naira Rivera,15,19,5,9,0,0,,25,138.25,-3.25
2026-07-03,DUB088,Naira Rivera,1,23,3,30,0,0,,25,145,-4
2026-07-07,DUB088,(blank),0,2,0,0,0,0,,0,5,1
2026-07-08,DUB088,Naira Rivera,1,11,6,24,0,25,Pittsburg,0,87,40
2026-06-24,DUB089,Karandeep Kaur,1,25,3,4,1,10,Castro Valley,15.5,100,15
2026-06-25,DUB089,Karandeep Kaur,1,28,0,6,1,0,,12,100,9
2026-06-26,DUB089,Karandeep Kaur,1,19,1,9,0,0,,31.75,100,-19
2026-06-29,DUB089,Karandeep Kaur,1,26,3,29,0,0,,0,125.75,22.25
2026-06-30,DUB089,Karandeep Kaur,0,30,0,13,1,0,,0,102.75,23.25
2026-07-02,DUB089,Karandeep Kaur,0,21,1,15,0,0,,18.75,100,-4
2026-07-03,DUB089,Karandeep Kaur,0,25,0,30,1,0,,0,120,25
2026-07-09,DUB089,Karandeep Kaur,0,26,0,12,0,50,Orinda,0,86,66
2026-07-10,DUB089,Karandeep Kaur,0,23,1,25,0,50,Orinda,0,103.75,68.25
2026-06-23,DUB090,Marcus Dub,0,34,2,3,0,15,Livermore,4.75,100,29
2026-06-24,DUB090,Marcus Dub,28,32,6,10,0,20,DIablo,17.5,200,38
2026-06-25,DUB090,Marcus Dub,1,39,8,24,0,20,Diablo,20,182,30
2026-06-26,DUB090,Marcus Dub,0,52,6,20,1,20,Diablo,15,200,44
2026-06-29,DUB090,Marcus Dub,0,35,11,28,0,0,,25,189,5
2026-06-30,DUB090,Marcus Dub,1,53,10,33,0,0,,15,232.75,25.25
2026-07-01,DUB090,Marcus Dub,2,66,4,20,0,0,,15,230,26
2026-07-02,DUB090,Marcus Dub,1,71,2,29,0,0,,15,250.75,29.25
2026-07-03,DUB090,Marcus Dub,0,56,6,20,0,0,,15,205,21
2026-07-06,DUB090,Marcus Dub,0,15,3,66,0,25,Diablo,0,160.5,50.5
2026-07-07,DUB090,Marcus Dub,1,37,10,29,0,25,Diablo,0,170.75,56.25
2026-07-08,DUB090,Marcus Dub,3,36,11,30,0,25,Diablo,0,177.5,57.5
2026-07-09,DUB090,Marcus Dub,1,44,7,20,0,25,Diablo,0,165,56
2026-07-10,DUB090,Marcus Dub,0,56,10,34,1,0,,0,229.5,46.5
2026-06-29,DUB091,Thiago Dub,1,18,1,31,0,0,,0,104.25,17.75
2026-07-01,DUB091,Thiago Dub,0,37,0,17,1,0,,0,127.25,27.75
2026-07-02,DUB091,Thiago Dub,1,46,0,12,0,0,,0,138.5,26.5
2026-07-03,DUB091,Thiago Dub,0,34,5,27,0,0,,0,144.75,26.25
2026-07-07,DUB091,Thiago Dub,2,45,5,26,1,15,Livermore,0,180.5,52.5
2026-07-08,DUB091,Thiago Dub,0,34,7,33,0,0,,0,160.25,28.75
2026-06-22,DUB092,Lucas Chiappetta,1,33,3,4,0,20,LIVERMORE,55.5,155,-16
2026-06-23,DUB092,Lucas Chiappetta,1,52,8,11,1,10,Sunol,25,201.75,23.25
2026-06-24,DUB092,Lucas Chiappetta,1,51,5,9,3,10,Livermore,25,198.25,30.75
2026-06-25,DUB092,Lucas Chiappetta,1,53,4,11,1,10,Sunol,25,194.25,21.75
2026-06-26,DUB092,Lucas Chiappetta,1,59,5,17,0,10,Sunol,25,217.25,21.75
2026-06-29,DUB092,Lucas Chiappetta,0,29,11,35,0,0,,25,186.25,3.75
2026-06-30,DUB092,Lucas Chiappetta,1,51,8,23,3,0,,25,230.25,25.75
2026-07-01,DUB092,Lucas Chiappetta,0,56,8,19,3,0,,25,233.25,26.75
2026-07-02,DUB092,Lucas Chiappetta,0,49,6,21,0,0,,25,199.25,7.75
2026-07-03,DUB092,Lucas Chiappetta,1,39,4,12,1,0,,25,161,5
2026-07-06,DUB092,Lucas Chiappetta,0,11,2,56,0,15,Livermore,0,130.5,35.5
2026-07-07,DUB092,Lucas Chiappetta,0,43,7,53,0,15,Sunol,0,217.75,53.25
2026-07-08,DUB092,Lucas Chiappetta,1,41,1,26,3,15,Livermore,0,168,58
2026-07-09,DUB092,Lucas Chiappetta,1,37,4,14,3,0,,0,144.5,39.5
2026-07-10,DUB092,Lucas Chiappetta,0,35,6,20,0,0,,0,137.5,25.5
2026-06-25,DUB093,Emerson Tavares,1,26,2,7,0,40,Orinda,40,124.75,16.25
2026-06-26,DUB093,Emerson Tavares,1,31,1,13,0,40,Orinda,40,145.25,19.75
2026-06-29,DUB093,Emerson Tavares,0,17,11,37,0,0,,40,174.75,-16.75
2026-06-30,DUB093,Emerson Tavares,0,39,8,13,0,0,,40,180.25,-13.25
2026-07-01,DUB093,Emerson Tavares,0,26,2,13,0,0,,40,132.75,-22.75
2026-07-02,DUB093,Emerson Tavares,0,34,5,8,0,0,,40,151.5,-18.5
2026-07-03,DUB093,Emerson Tavares,0,14,1,10,0,0,,40,95,-30
2026-06-29,DUB094,Rocio Sanchez,0,38,4,34,0,0,,0,164.5,29.5
2026-06-30,DUB094,Rocio Sanchez,0,28,1,22,0,0,,0,111,20
2026-07-01,DUB094,Rocio Sanchez,0,52,0,0,1,0,,0,135,31
2026-07-02,DUB094,Rocio Sanchez,0,20,1,9,0,0,,31.75,100,-19
2026-07-03,DUB094,Rocio Sanchez,0,33,2,23,0,0,,0,127.75,23.25
2026-07-07,DUB094,Rocio Sanchez,0,21,5,23,0,0,,0,105.25,18.75
2026-07-08,DUB094,Rocio Sanchez,0,23,2,13,1,0,,0,90.25,20.75
2026-07-09,DUB094,Rocio Sanchez,2,27,5,14,1,0,,0,114.5,25.5
2026-07-10,DUB094,Rocio Sanchez,2,29,2,22,0,0,,0,121,22
2026-06-30,DUB095,Milena Rogado,0,72,4,0,0,0,,0,190,38
2026-07-03,DUB095,Milena Rogado,0,36,2,15,0,0,,0,121.25,22.75
2026-07-06,DUB095,Milena Rogado,0,8,3,51,0,25,Martinez,0,116.75,43.25
2026-07-07,DUB095,Milena Rogado,0,32,6,34,0,50,Benicia,0,154.5,77.5
2026-07-08,DUB095,Milena Rogado,0,0,0,0,1,0,,0,5,5
2026-07-09,DUB095,Milena Rogado,15,32,4,18,0,40,Pittsburg,0,159,70
2026-07-10,DUB095,Milena Rogado,1,44,2,42,0,40,Antioch,0,191,74
2026-07-07,DUB096,Claudia Sanchez,0,41,5,25,0,0,,0,158.75,29.25
2026-07-08,DUB096,Claudia Sanchez,0,36,1,20,1,0,,0,132.5,28.5
2026-07-09,DUB096,Claudia Sanchez,1,45,0,14,1,0,,0,144.5,31.5
2026-06-22,DUB1,Diana Arvelo,0,23,2,11,0,40,Benicia,40,121.75,15.25
2026-06-25,DUB1,Diana Arvelo,0,22,0,9,0,0,,0,70.75,13.25
2026-06-30,DUB1,Diana Arvelo,0,35,3,42,2,0,,0,178.5,39.5
2026-07-03,DUB1,Diana Arvelo,0,2,0,3,0,1075,,0,10.25,1076.75
2026-06-25,DUB26,Aaron Fitzpatrick,0,1,0,0,0,102,,0,2.5,102.5
2026-07-10,DUB26,Aaron Fitzpatrick,0,1,0,0,0,0,,0,2.5,0.5
2026-06-24,DUB27,Barbara Fitzpatrick,0,0,0,0,1,0,,0,5,5
