order_date,paid_driver,pieces
2026-06-15,9000A,45
2026-06-15,9000B,108
2026-06-15,9000D,49
2026-06-15,9000E,100
2026-06-15,9000F,44
2026-06-15,9000I,75
2026-06-15,9000J,99
2026-06-15,9000K,77
2026-06-15,9000L,82
2026-06-15,9000N,103
2026-06-15,9000R,90
2026-06-15,9000V,63
2026-06-15,9000W,95
2026-06-15,9000Y,82
2026-06-16,9000A,48
2026-06-16,9000B,108
2026-06-16,9000D,54
2026-06-16,9000F,118
2026-06-16,9000G,30
2026-06-16,9000J,93
2026-06-16,9000K,57
2026-06-16,9000L,54
2026-06-16,9000M,35
2026-06-16,9000N,66
2026-06-16,9000R,78
2026-06-16,9000S,60
2026-06-16,9000W,69
2026-06-17,9000A,35
2026-06-17,9000B,94
2026-06-17,9000D,45
2026-06-17,9000G,58
2026-06-17,9000H,54
2026-06-17,9000I,57
2026-06-17,9000J,15
2026-06-17,9000K,55
2026-06-17,9000N,79
2026-06-17,9000R,47
2026-06-17,9000S,61
2026-06-17,9000W,73
2026-06-17,9000Y,65
2026-06-17,9000Z,36
2026-06-18,9000A,40
2026-06-18,9000B,82
2026-06-18,9000E,72
2026-06-18,9000F,108
2026-06-18,9000G,59
2026-06-18,9000H,61
2026-06-18,9000K,62
2026-06-18,9000N,91
2026-06-18,9000R,71
2026-06-18,9000S,65
2026-06-18,9000W,1
2026-06-18,9000Y,50
2026-06-18,9000Z,34
2026-06-19,9000A,36
2026-06-19,9000E,59
2026-06-19,9000G,58
2026-06-19,9000H,53
2026-06-19,9000J,141
2026-06-19,9000K,47
2026-06-19,9000L,45
2026-06-19,9000N,95
2026-06-19,9000R,70
2026-06-19,9000S,66
2026-06-19,9000Y,69
2026-06-19,9000Z,1
2026-06-20,9000A,39
2026-06-20,9000B,105
2026-06-20,9000H,43
2026-06-20,9000J,116
2026-06-20,9000K,52
2026-06-20,9000N,92
2026-06-20,9000S,77
2026-06-20,9000Z,94
