date,route,driver_or_contractor,raw_name
2026-06-15,9000A,Robert Arteaga,
2026-06-15,9000B,Leonardo Vicentini,
2026-06-15,9000D,Nayibi Perez,
2026-06-15,9000E,Nayibi Perez,
2026-06-15,9000F,Jaime Andres,
2026-06-15,9000I,Bruna Elias,
2026-06-15,9000J,Vivy Hollanda,
2026-06-15,9000K,Marvin Geovanni,
2026-06-15,9000L,Manuel Ramirez,
2026-06-15,9000N,Diana Arvelo,
2026-06-15,9000R,CONTRACTOR:Puma,
2026-06-15,9000V,William Joseph,
2026-06-15,9000W,Karandeep Kaur,
2026-06-15,9000Y,Marcus Dub,
2026-06-16,9000A,Robert Arteaga,
2026-06-16,9000B,Leonardo Vicentini,
2026-06-16,9000D,Nayibi Perez,
2026-06-16,9000F,Jaime Andres,
2026-06-16,9000G,Adolfo Mora,
2026-06-16,9000J,Vivy Hollanda,
2026-06-16,9000K,Marvin Geovanni,
2026-06-16,9000L,Manuel Ramirez,
2026-06-16,9000M,Thiago Dub,
2026-06-16,9000N,Diana Arvelo,
2026-06-16,9000R,CONTRACTOR:Puma,
2026-06-16,9000S,CONTRACTOR:Puma,
2026-06-16,9000W,Karandeep Kaur,
2026-06-17,9000A,Robert Arteaga,
2026-06-17,9000B,Leonardo Vicentini,
2026-06-17,9000D,Nayibi Perez,
2026-06-17,9000G,Adolfo Mora,
2026-06-17,9000H,Gabriela Cifuentes,
2026-06-17,9000I,Bruna Elias,
2026-06-17,9000J,Vivy Hollanda,
2026-06-17,9000K,Marvin Geovanni,
2026-06-17,9000N,Diana Arvelo,
2026-06-17,9000R,CONTRACTOR:Puma,
2026-06-17,9000S,CONTRACTOR:Puma,
2026-06-17,9000W,Karandeep Kaur,
2026-06-17,9000Y,Marcus Dub,
2026-06-17,9000Z,Marcus Dub,
2026-06-18,9000A,Robert Arteaga,
2026-06-18,9000B,Leonardo Vicentini,
2026-06-18,9000E,Norwin Saloman,
2026-06-18,9000F,Jaime Andres,
2026-06-18,9000G,Adolfo Mora,
2026-06-18,9000H,Gabriela Cifuentes,
2026-06-18,9000K,Marvin Geovanni,
2026-06-18,9000N,Diana Arvelo,
2026-06-18,9000R,CONTRACTOR:Puma,
2026-06-18,9000S,CONTRACTOR:Puma,
2026-06-18,9000W,Karandeep Kaur,
2026-06-18,9000Y,Marcus Dub,
2026-06-18,9000Z,,the new guy from Puma
2026-06-19,9000A,Robert Arteaga,
2026-06-19,9000E,Nayibi Perez,
2026-06-19,9000G,Adolfo Mora,
2026-06-19,9000H,Gabriela Cifuentes,
2026-06-19,9000J,Vivy Hollanda,
2026-06-19,9000K,Marvin Geovanni,
2026-06-19,9000L,Manuel Ramirez,
2026-06-19,9000N,Diana Arvelo,
2026-06-19,9000R,CONTRACTOR:Puma,
2026-06-19,9000S,CONTRACTOR:Puma,
2026-06-19,9000Y,Marcus Dub,
2026-06-19,9000Z,Marcus Dub,
2026-06-20,9000A,Robert Arteaga,
2026-06-20,9000B,Leonardo Vicentini,
2026-06-20,9000H,Gabriela Cifuentes,
2026-06-20,9000J,Vivy Hollanda,
2026-06-20,9000K,Marvin Geovanni,
2026-06-20,9000N,Diana Arvelo,
2026-06-20,9000S,CONTRACTOR:Puma,
2026-06-20,9000Z,Marcus Dub,
